Country,Period,"Real capital flight for period ($bn, 2000)","Flight stock ($bn, 2010)","External debt ($bn, 2010)",Flight stock to debt (%) 2010,geometry,geometry_vertex_count,OBJECTID,ISO_2DIGIT,Shape_Leng,Shape_Area,import_notes,Google requests
Angola,1989-2010,30.7,41.8,18.7,224,"<MultiGeometry><Polygon><outerBoundaryIs><LinearRing><coordinates>11.7527822136,-17.2548360987,0 11.7312452486,-15.85069079,0 12.0150001646,-15.5694459188,0 12.5127091946,-13.4243728891,0 12.9700001845,-12.7844459282,0 13.4591541412,-12.5086088933,0 13.7920821628,-11.7947270593,0 13.7683360634,-10.6728458613,0 12.9845823491,-9.08125504552,0 13.3875001006,-8.7402819056,0 13.3918001846,-8.39375491662,0 12.8177821402,-6.95028188576,0 12.2462451391,-6.10360891219,0 13.1788822414,-5.85632684221,0 16.579718262,-5.90083592166,0 16.9431181897,-7.19902693312,0 17.6311091629,-8.09805478281,0 18.5269451838,-7.93708200825,0 19.3727732616,-7.99333581047,0 19.538945163,-6.99660900001,0 20.6297452582,-6.91388196237,0 20.5487182382,-7.2836179384,0 21.7778542696,-7.28125491225,0 21.7550632042,-8.00375485142,0 21.9400001753,-8.49610901879,0 21.791527333,-9.41139105516,0 22.3138181382,-10.3749999602,0 22.3151362763,-10.7274998934,0 22.1664542217,-10.8599267555,0 22.2538912184,-11.2097268777,0 22.5675001265,-11.0336090099,0 23.8586091003,-11.0271547768,0 23.9862093273,-10.8704639813,0 24.050691141,-12.3924269978,0 23.8870091677,-12.7636090197,0 24.0194452499,-12.9994457685,0 22.0015272005,-13.0045818635,0 22.0001451923,-16.1716640383,0 22.1883271333,-16.5411178795,0 23.4761091621,-17.625835898,0 20.8541631726,-18.0163908452,0 20.3213182102,-17.8572268854,0 18.9194452355,-17.8163909236,0 18.4515362182,-17.3898360374,0 13.9932181677,-17.4239460248,0 13.4720822211,-17.0108358791,0 13.1491630301,-16.95417304,0 12.5572181064,-17.2433359598,0 12.0877731892,-17.1365270437,0 11.7527822136,-17.2548360987,0</coordinates></LinearRing></outerBoundaryIs></Polygon><Polygon><outerBoundaryIs><LinearRing><coordinates>12.214554169,-5.76855490468,0 12.0261271411,-5.01500001415,0 12.7652732047,-4.39389092883,0 13.0913910976,-4.63305479029,0 12.5722181927,-5.02180880176,0 12.5266630518,-5.72416384242,0 12.214554169,-5.76855490468,0</coordinates></LinearRing></outerBoundaryIs></Polygon></MultiGeometry>",57,9,AO,56.327063,103.877599,,
Benin,1970-2010,-2.2,-1.9,1.2,na,"<Polygon><outerBoundaryIs><LinearRing><coordinates>0.917973046389,10.9964001491,0 1.43528231887,11.4588911041,0 2.02003607254,11.4260731032,0 2.39792713746,11.8961542068,0 2.38836321827,12.2473271171,0 2.83861827099,12.3966540754,0 3.60445415845,11.6932730898,0 3.47500018977,11.4297180576,0 3.73577310059,11.1206360477,0 3.85500014154,10.5850000792,0 3.58194506032,10.275272998,0 3.61200927071,9.95410009272,0 3.17139122738,9.49639101349,0 3.095000238,9.09055418038,0 2.79208211207,9.05041793983,0 2.71960915953,6.36550910518,0 1.63540025775,6.21871800792,0 1.79780013514,6.28025408553,0 1.55388205819,6.99656415683,0 1.61971821978,9.03423617279,0 1.33750020962,9.54250019826,0 1.3550002824,9.99528205952,0 0.776663210912,10.3766640195,0 0.917973046389,10.9964001491,0</coordinates></LinearRing></outerBoundaryIs></Polygon>",24,25,BJ,16.196316,9.725431,,
Botswana,1977-2010,2.7,5,1.7,294,"<Polygon><outerBoundaryIs><LinearRing><coordinates>20.0009452738,-24.765408944,0 19.9966632947,-22.0049999487,0 20.9919450651,-21.9969459455,0 20.9932911987,-18.3184178072,0 23.2971090931,-17.9959460422,0 23.6132541975,-18.4851638691,0 24.3630543307,-17.9491639583,0 24.5663181655,-18.0542359764,0 24.8327731685,-17.8377089532,0 25.2644272693,-17.8022548438,0 26.1693732455,-19.5298638319,0 27.2136091862,-20.087363995,0 27.2874542563,-20.4949638776,0 27.7155822581,-20.5102181032,0 27.6867362735,-21.0711820039,0 28.0158272274,-21.5661089127,0 29.0725181734,-21.8094089081,0 29.0758273488,-22.0394458828,0 29.3736182645,-22.1924090783,0 28.2983362573,-22.6094459781,0 27.5290911145,-23.3793729048,0 27.0052090888,-23.6437550632,0 26.8304091915,-24.2751360032,0 26.4110451401,-24.6282727934,0 25.8713912224,-24.7444459718,0 25.5097181343,-25.6777817894,0 24.6845730733,-25.8282178411,0 23.9019452163,-25.6248638171,0 23.4543732108,-25.2770180194,0 23.0148272128,-25.2997269421,0 22.6248092104,-26.1115638878,0 21.6683272699,-26.8636819525,0 20.6411091073,-26.8259729435,0 20.8102731806,-25.880835909,0 20.3900001956,-25.0369458949,0 20.0009452738,-24.765408944,0</coordinates></LinearRing></outerBoundaryIs></Polygon>",36,33,BW,32.813723,50.673522,,
Burkina Faso,1970-2010,-1.7,-1.8,2.1,na,"<Polygon><outerBoundaryIs><LinearRing><coordinates>-5.5198459414,10.4362730976,0 -5.48562698923,11.077291047,0 -5.29944580844,11.1394452061,0 -5.20860894418,11.4616641729,0 -5.27305488331,11.8438910287,0 -4.63342682106,12.0672271747,0 -4.41749977457,12.3008271289,0 -4.46889073182,12.72389112,0 -4.19444576342,12.8286090865,0 -4.33555493613,13.1195092396,0 -3.96425489697,13.503827045,0 -3.43767289261,13.166500033,0 -3.23221769306,13.2880540579,0 -3.2574996924,13.6966641275,0 -2.88221791395,13.6643002581,0 -2.81555496143,14.0502822066,0 -2.46513692534,14.2861090647,0 -2.00694588667,14.1877730793,0 -1.98083676112,14.4747181476,0 -1.07416394517,14.7769449341,0 -0.725281976665,15.0827730892,0 0.235045245683,14.9150641143,0 0.166663164816,14.5230540688,0 0.607573233663,13.6988181089,0 1.27651817581,13.3480542355,0 0.991663218914,13.3716642128,0 0.989163232466,13.0472180067,0 1.57833609313,12.6300000578,0 2.14229115983,12.6941001596,0 2.25610919101,12.4811089585,0 2.05833617337,12.357218059,0 2.39792713746,11.8961542068,0 2.02003607254,11.4260731032,0 1.43528231887,11.4588911041,0 0.917973046389,10.9964001491,0 0.504163179327,10.9369451304,0 -0.149763906863,11.1385361049,0 -0.618472892944,10.9138910409,0 -2.83404577516,11.002009151,0 -2.9275267946,10.7081449893,0 -2.68556388039,9.48181806895,0 -2.77971779902,9.40360904477,0 -3.20860888924,9.90139116501,0 -3.63708189012,9.95444509186,0 -4.12416384037,9.82930914443,0 -4.31245491383,9.59997323211,0 -4.70444584868,9.69805407239,0 -5.1281907856,10.3030541456,0 -5.5198459414,10.4362730976,0</coordinates></LinearRing></outerBoundaryIs></Polygon>",49,21,BF,25.632421,22.687920,,
Burundi,1975-2010,-0.5,-0.5,0.5,na,"<Polygon><outerBoundaryIs><LinearRing><coordinates>29.0244362239,-2.7447177792,0 29.1405542493,-2.58916390507,0 29.380482205,-2.82548194275,0 29.8219451442,-2.77278189986,0 29.9522181925,-2.30944588136,0 30.5733271102,-2.39916392918,0 30.4169452716,-2.85604588221,0 30.8436632696,-2.97879080793,0 30.8336091767,-3.25902683326,0 30.44847313,-3.55104597046,0 30.0261091954,-4.2694459855,0 29.4233361939,-4.44749990531,0 29.232500207,-3.88499976936,0 29.2372182126,-3.06028185013,0 29.0244362239,-2.7447177792,0</coordinates></LinearRing></outerBoundaryIs></Polygon>",15,24,BI,7.036208,2.195484,,
Cameroon,1977-2010,-0.8,1.7,3,57,"<Polygon><outerBoundaryIs><LinearRing><coordinates>13.2938911733,2.16360906379,0 12.3356540624,2.31790012039,0 11.3673450889,2.29887303249,0 11.3397630953,2.16860903668,0 10.0209732215,2.16819094735,0 9.81176326456,2.34370012135,0 9.96513616748,3.08520904351,0 9.54305420015,3.81152710723,0 9.72250018644,3.86528209646,0 9.48836328761,4.1129180504,0 9.43500006853,3.89944522516,0 8.97410016638,4.0997911518,0 8.89860922577,4.58833607944,0 8.66639127986,4.68139113056,0 8.71416326659,4.50263614837,0 8.50840011591,4.52353608872,0 8.59173618264,4.81092707425,0 8.82471805521,5.18860909451,0 8.86444509125,5.83757308818,0 9.70884522794,6.5212540867,0 9.79555417251,6.80166412034,0 10.1661090605,7.02013608028,0 10.2306911217,6.88124509443,0 10.513336106,6.87805410388,0 10.6203451819,7.05708200084,0 11.0436091653,6.75333624579,0 11.1278451131,6.43791818762,0 11.3402732179,6.44083592812,0 11.8641632903,7.08471814152,0 11.7549631848,7.26830009412,0 12.0422913061,7.57736399911,0 12.2505542756,8.4009731602,0 12.7972183142,8.77139108786,0 12.8977822095,9.34805412564,0 13.2418090444,9.58500013551,0 13.253054038,10.0718090034,0 13.4543001811,10.1587449299,0 13.807218036,11.0558271722,0 14.6445091453,11.5723542455,0 14.6452821244,12.1883270681,0 14.1744451407,12.3966641337,0 14.0747180947,13.0816641085,0 14.435973261,13.0850001059,0 14.5462450766,12.7716641125,0 14.8224272783,12.6337730877,0 14.8943361287,12.1558091394,0 15.042600094,12.078891096,0 15.0581912722,10.801945024,0 15.675300178,9.98801813457,0 14.1947731,9.98175400303,0 13.957636318,9.64645407047,0 15.2072181583,8.47736398193,0 15.5799821806,7.76040917464,0 15.4990091401,7.52660906067,0 14.8050001281,6.34666407221,0 14.41889111,6.04097304507,0 14.6172181714,5.90124521,0 14.5326362186,5.2912451639,0 14.6725001758,5.18000020937,0 14.7234730437,4.64374498581,0 15.0869450558,4.29471801038,0 15.0438910747,4.02916406198,0 15.2602730909,3.67389105992,0 16.1030541792,2.89833618807,0 16.2070001724,2.22126415258,0 16.0834732152,2.15250002456,0 16.0722181632,1.6541641958,0 15.6875002057,1.93354493172,0 14.562636056,2.16847308221,0 13.2938911733,2.16360906379,0</coordinates></LinearRing></outerBoundaryIs></Polygon>",70,45,CM,39.610280,37.942546,,
Cape Verde,1986-2010,-0.5,-0.9,0.1,na,"<MultiGeometry><Polygon><outerBoundaryIs><LinearRing><coordinates>-23.5258368145,14.8961091108,0 -23.7895177428,15.065418191,0 -23.6949997143,15.2950000284,0 -23.4447268136,15.0061090174,0 -23.5258368145,14.8961091108,0</coordinates></LinearRing></outerBoundaryIs></Polygon><Polygon><outerBoundaryIs><LinearRing><coordinates>-22.800554754,15.9780540605,0 -22.9622269146,16.0449999861,0 -22.7986178638,16.2352730444,0 -22.6661088591,16.0950000503,0 -22.800554754,15.9780540605,0</coordinates></LinearRing></outerBoundaryIs></Polygon><Polygon><outerBoundaryIs><LinearRing><coordinates>-25.2813909002,16.9133271037,0 -25.3323639358,17.0950001616,0 -24.9734728014,17.1086819422,0 -25.2813909002,16.9133271037,0</coordinates></LinearRing></outerBoundaryIs></Polygon><Polygon><outerBoundaryIs><LinearRing><coordinates>-24.3213907398,16.4827730439,0 -24.354581903,16.6840272335,0 -24.0241637585,16.5722910995,0 -24.3213907398,16.4827730439,0</coordinates></LinearRing></outerBoundaryIs></Polygon><Polygon><outerBoundaryIs><LinearRing><coordinates>-24.3899998026,14.8111090687,0 -24.5244458652,14.9183271893,0 -24.3825729334,15.0461820584,0 -24.3899998026,14.8111090687,0</coordinates></LinearRing></outerBoundaryIs></Polygon></MultiGeometry>",22,50,CV,4.251436,0.182330,,
Chad,1970-2010,0.3,0.4,1.7,24,"<Polygon><outerBoundaryIs><LinearRing><coordinates>22.866500048,10.9224451084,0 22.463327319,11.0008360199,0 21.7190272231,10.6381270962,0 21.6669452617,10.235827091,0 20.371663106,9.10832716793,0 18.9888911475,8.96416396496,0 18.8763733172,8.84142708587,0 19.1258273059,8.67277313523,0 18.5888911365,8.04028209591,0 17.6488912029,7.98847321697,0 16.8174541824,7.54630016295,0 16.5336092448,7.86777314035,0 15.9748631957,7.50131817651,0 15.4990091401,7.52660906067,0 15.5799821806,7.76040917464,0 15.2072181583,8.47736398193,0 13.957636318,9.64645407047,0 14.1947731,9.98175400303,0 15.675300178,9.98801813457,0 15.0581912722,10.801945024,0 15.042600094,12.078891096,0 14.8943361287,12.1558091394,0 14.8224272783,12.6337730877,0 14.5462450766,12.7716641125,0 14.435973261,13.0850001059,0 14.0747180947,13.0816641085,0 13.6251181715,13.7183360411,0 13.4650001834,14.4508360937,0 13.6743732522,14.5522909853,0 14.3688912134,15.7338910644,0 15.4897181356,16.9209730758,0 15.7538910817,19.9325002029,0 15.9966631848,20.3530539817,0 15.5775002991,20.76597302,0 15.5830541482,21.0186089469,0 15.2095821902,21.4918002395,0 14.99789119,23.0005910951,0 16.0008271467,23.4505541223,0 24.0027453136,19.4990641095,0 23.9975632857,15.7028449978,0 23.1181541187,15.7102909777,0 22.9372181653,15.5619450374,0 22.9293732068,15.1140270269,0 22.6999271563,14.7041001604,0 22.3865271251,14.5626360979,0 22.5561822103,14.1297910963,0 22.0844451779,13.7791641832,0 22.2850003168,13.3405539409,0 21.8291000523,12.7972000835,0 21.9527731899,12.6438910507,0 22.2233271112,12.7472181242,0 22.4643002903,12.6148641847,0 22.5590271959,11.6290271428,0 22.9713911846,11.2802730822,0 22.866500048,10.9224451084,0</coordinates></LinearRing></outerBoundaryIs></Polygon>",55,204,TD,50.460002,106.885338,,
Congo,1970-2010,7.9,8,3.8,211,"<Polygon><outerBoundaryIs><LinearRing><coordinates>18.624954275,3.47944498731,0 18.6158272206,3.13805409333,0 18.0918731106,2.22242705783,0 17.8736091895,0.992364155569,0 17.9611092181,0.399718169495,0 17.7122181579,-0.544717970217,0 17.3230541038,-1.00416394744,0 16.861945157,-1.25444590057,0 16.1940273332,-2.18097293063,0 16.2269452464,-3.32833578498,0 15.8905001782,-3.94300890975,0 15.5352732766,-4.05819101185,0 14.6693001328,-4.90721795911,0 14.41889111,-4.88721806752,0 14.4058362957,-4.28278192877,0 13.7302731704,-4.44833591633,0 13.699582329,-4.72583592081,0 13.4120822111,-4.88278186143,0 13.0913910976,-4.63305479029,0 12.7652732047,-4.39389092883,0 12.0261271411,-5.01500001415,0 11.7527822136,-4.51610896811,0 11.1406632224,-3.92527280258,0 11.4920822254,-3.50902698681,0 11.7400001465,-3.68666399075,0 11.9218731967,-3.62749999174,0 11.9622912368,-3.29742684638,0 11.7063910616,-3.17778188374,0 11.8048631692,-3.01541804853,0 11.5427732937,-2.83166393164,0 11.57347302,-2.3363908503,0 12.4780542158,-2.32721786308,0 12.4369451716,-1.90110889417,0 12.6525002292,-1.8234728569,0 13.0015092674,-2.36767295123,0 13.4846542377,-2.43465491898,0 13.764445184,-2.09076403856,0 13.8705540435,-2.4708999448,0 14.1108362185,-2.49305482369,0 14.2588913067,-1.97368192664,0 14.4280542065,-1.88458196036,0 14.5195822425,-0.61333591784,0 13.8490271368,-0.202635904503,0 13.9604181041,0.348609011825,0 14.4856911904,0.917218046459,0 14.1915272918,1.39055401074,0 13.8044453024,1.43562702464,0 13.1867821851,1.222473047,0 13.2938911733,2.16360906379,0 14.562636056,2.16847308221,0 15.6875002057,1.93354493172,0 16.0722181632,1.6541641958,0 16.0834732152,2.15250002456,0 16.2070001724,2.22126415258,0 16.6644452217,3.53541799576,0 17.463609065,3.71110905706,0 18.1936091312,3.48250002338,0 18.4797181885,3.64083601883,0 18.624954275,3.47944498731,0</coordinates></LinearRing></outerBoundaryIs></Polygon>",59,40,CG,35.445048,27.965373,,
"Congo, DRC",1970-2010,2.9,6.4,5.7,112,"<Polygon><outerBoundaryIs><LinearRing><coordinates>29.4233361939,-4.44749990531,0 29.347909291,-4.93041789369,0 29.6316633687,-5.72194599083,0 29.5502822971,-6.29528191596,0 30.3150000387,-7.14375498705,0 30.7712362499,-8.19224608473,0 28.901663135,-8.47860894601,0 28.8683273001,-8.82694609081,0 28.3771450904,-9.25041794533,0 28.6955541469,-9.79576384582,0 28.5950003099,-10.2461089202,0 28.6987453051,-10.6518729984,0 28.3654092525,-11.555554816,0 29.0270822231,-12.3769457902,0 29.481663176,-12.4594458459,0 29.4735362503,-12.2490999735,0 29.8050450481,-12.1552459593,0 29.8016631178,-13.4497269728,0 29.6340272331,-13.4155549593,0 29.5947182864,-13.2234730863,0 29.0187452469,-13.3984729758,0 28.4462451651,-12.5258358837,0 27.6554181304,-12.2902819403,0 27.2089733232,-11.5764909662,0 27.0331181443,-11.5969459951,0 26.8739541844,-11.9717359235,0 26.0047181333,-11.9024998943,0 25.3636091564,-11.642981922,0 25.3444451082,-11.2052819545,0 24.4491632987,-11.462635887,0 24.3986093583,-11.1118089816,0 23.9862093273,-10.8704639813,0 23.8586091003,-11.0271547768,0 22.5675001265,-11.0336090099,0 22.2538912184,-11.2097268777,0 22.1664542217,-10.8599267555,0 22.3151362763,-10.7274998934,0 22.3138181382,-10.3749999602,0 21.791527333,-9.41139105516,0 21.9400001753,-8.49610901879,0 21.7550632042,-8.00375485142,0 21.7778542696,-7.28125491225,0 20.5487182382,-7.2836179384,0 20.6297452582,-6.91388196237,0 19.538945163,-6.99660900001,0 19.3727732616,-7.99333581047,0 18.5269451838,-7.93708200825,0 17.6311091629,-8.09805478281,0 16.9431181897,-7.19902693312,0 16.579718262,-5.90083592166,0 13.1788822414,-5.85632684221,0 12.8979181639,-5.81194600588,0 12.4358360782,-6.01666393323,0 12.214554169,-5.76855490468,0 12.5266630518,-5.72416384242,0 12.5722181927,-5.02180880176,0 13.0913910976,-4.63305479029,0 13.4120822111,-4.88278186143,0 13.699582329,-4.72583592081,0 13.7302731704,-4.44833591633,0 14.4058362957,-4.28278192877,0 14.41889111,-4.88721806752,0 14.6693001328,-4.90721795911,0 15.5352732766,-4.05819101185,0 15.8905001782,-3.94300890975,0 16.2269452464,-3.32833578498,0 16.1940273332,-2.18097293063,0 16.861945157,-1.25444590057,0 17.3230541038,-1.00416394744,0 17.7122181579,-0.544717970217,0 17.9611092181,0.399718169495,0 17.8736091895,0.992364155569,0 18.0918731106,2.22242705783,0 18.6158272206,3.13805409333,0 18.624954275,3.47944498731,0 18.544445089,4.34000006895,0 18.751663338,4.39055400935,0 19.0854181506,4.91471800227,0 19.4159001652,5.13103614837,0 19.8413910525,5.08450920954,0 20.3393002424,4.7675000985,0 20.5719451625,4.41749998411,0 22.3466632964,4.12750004739,0 22.8933271674,4.82013610366,0 23.4245093278,4.59374508921,0 24.3872912744,5.11215406739,0 24.7344452297,4.91083600762,0 25.2900001207,5.02500004376,0 25.3619451809,5.31471801326,0 25.540136061,5.38069113515,0 26.4947181593,5.04555414678,0 26.8694452234,5.03097298798,0 27.0902733363,5.20347305873,0 27.4552732018,5.01639115862,0 27.7688911624,4.78777324013,0 27.7894450978,4.60013612276,0 28.363054273,4.29000017235,0 28.7825001317,4.55736410893,0 29.2436092462,4.34610913527,0 29.467773189,4.66389122542,0 29.6433271223,4.64360919898,0 30.2077732009,3.9616640926,0 30.5510361092,3.86381811325,0 30.5620091939,3.61326408353,0 30.7863912338,3.66000006703,0 30.8588180859,3.49339113312,0 30.7297181688,2.44805397798,0 31.3027733001,2.12139092612,0 29.9575001326,0.81833606387,0 29.9598631587,0.483745240321,0 29.7186091859,0.0770821192022,0 29.5969451904,-1.38583592125,0 29.2708361824,-1.62639084337,0 29.1183271184,-2.24110889513,0 28.8674272513,-2.39868180211,0 29.0244362239,-2.7447177792,0 29.2372182126,-3.06028185013,0 29.232500207,-3.88499976936,0 29.4233361939,-4.44749990531,0</coordinates></LinearRing></outerBoundaryIs></Polygon>",119,38,CD,79.119701,189.763852,,
Cote d'Ivoire,1970-2010,12.4,141,11.7,1205,"<MultiGeometry><Polygon><outerBoundaryIs><LinearRing><coordinates>-2.68556388039,9.48181806895,0 -2.76749983401,9.06360904381,0 -2.4877818103,8.19777302788,0 -2.77513692129,7.94291824363,0 -3.24889080727,6.61374520338,0 -3.01360877282,5.70750003213,0 -2.76444580376,5.5791640417,0 -2.73444579874,5.11278203958,0 -2.92812677123,5.10021823724,0 -2.86305487158,5.18277311059,0 -3.19791793934,5.20736410583,0 -3.1402088711,5.36430904062,0 -3.29799082274,5.11916418832,0 -3.97833682962,5.23833607634,0 -3.73471781897,5.25916409996,0 -3.7713909924,5.37055406142,0 -4.89389094257,5.12860908448,0 -5.32291798725,5.22895404445,0 -5.36049070653,5.11847301658,0 -5.01419975194,5.12522715418,0 -5.8974999661,5.02013602533,0 -7.52539984541,4.35280912578,0 -7.42569090425,5.84555416876,0 -7.75763690206,5.94666406122,0 -7.89778182063,6.2619451591,0 -8.6063818821,6.50781806351,0 -8.30889087085,6.8580542123,0 -8.46974579584,7.56132707136,0 -8.1864637869,7.57305419213,0 -8.05339084769,8.03281801112,0 -7.94683690911,8.01850909653,0 -8.22889080159,8.24027296513,0 -8.24101790678,8.44654506497,0 -7.65337289943,8.38383602383,0 -7.67347287094,8.61527311164,0 -7.95625481554,8.80444512313,0 -7.73610882189,9.09166411201,0 -8.14360895986,9.53389097785,0 -8.14763679962,9.98389105307,0 -7.97398187025,10.165609038,0 -7.63799093359,10.4466641429,0 -6.98805497443,10.1474999362,0 -6.94083686387,10.3537452139,0 -6.65083675951,10.3609730967,0 -6.64559974639,10.6639911349,0 -6.4219087106,10.5516640767,0 -6.24339998872,10.7352540759,0 -6.11139071303,10.1977730828,0 -5.5198459414,10.4362730976,0 -5.1281907856,10.3030541456,0 -4.70444584868,9.69805407239,0 -4.31245491383,9.59997323211,0 -4.12416384037,9.82930914443,0 -3.63708189012,9.95444509186,0 -3.20860888924,9.90139116501,0 -2.77971779902,9.40360904477,0 -2.68556388039,9.48181806895,0</coordinates></LinearRing></outerBoundaryIs></Polygon><Polygon><outerBoundaryIs><LinearRing><coordinates>-3.10304585924,5.08501799106,0 -3.16870885071,5.11430922234,0 -3.10227271249,5.1095451162,0 -3.10304585924,5.08501799106,0</coordinates></LinearRing></outerBoundaryIs></Polygon></MultiGeometry>",61,42,CI,27.430685,26.209488,,
Equatorial Guinea,1981-2010,2.5,3.6,1,360,"<MultiGeometry><Polygon><outerBoundaryIs><LinearRing><coordinates>9.81176326456,2.34370012135,0 10.0209732215,2.16819094735,0 11.3397630953,2.16860903668,0 11.3538911284,1.0019450062,0 9.80397329136,1.00260902057,0 9.36027322222,1.17471799172,0 9.81340025025,1.92979101255,0 9.81176326456,2.34370012135,0</coordinates></LinearRing></outerBoundaryIs></Polygon><Polygon><outerBoundaryIs><LinearRing><coordinates>8.86610923431,3.51721820171,0 8.69527330662,3.19944516402,0 8.4461091641,3.27444526037,0 8.68610920422,3.7416641117,0 8.9355541405,3.73666413881,0 8.86610923431,3.51721820171,0</coordinates></LinearRing></outerBoundaryIs></Polygon></MultiGeometry>",14,84,GQ,7.704875,2.159932,,
Ethiopia,1981-2010,15.4,25.5,7.2,354,"<Polygon><outerBoundaryIs><LinearRing><coordinates>41.9051631882,3.98031818581,0 41.1605543029,3.94583604188,0 40.783763279,4.28797309288,0 39.8666632078,3.8694450525,0 39.519027293,3.40930907701,0 38.1211090679,3.61166414585,0 37.0397181619,4.37555409066,0 36.0453002305,4.44708206743,0 35.9405541008,4.62250004632,0 35.7744363465,4.79860902931,0 35.8216631742,5.32860900615,0 35.3030542038,5.37736419013,0 34.7047182466,6.67778210563,0 33.712491177,7.65847299416,0 33.0522183196,7.79069114688,0 32.9918002202,7.92603608476,0 33.2635361575,8.46152721403,0 33.7713271083,8.36774511662,0 34.121663337,8.57958196199,0 34.0858271805,9.55305402021,0 34.3483270986,10.2384730902,0 34.286109237,10.5541640631,0 34.5944452575,10.887782083,0 34.8005542455,10.7233269629,0 34.9752731737,10.8644450205,0 35.0836091049,11.8055540475,0 35.7010822882,12.6661181816,0 36.1425452274,12.7148540872,0 36.5428181532,14.262054176,0 36.9997913013,14.2615271219,0 37.2878451278,14.4518731028,0 37.5722092404,14.1022540297,0 37.9113822828,14.8836090109,0 38.4489543033,14.4187449715,0 39.0240182416,14.6551640949,0 39.2630541953,14.4736090541,0 39.5313912708,14.5655541736,0 40.2280543286,14.4435091368,0 40.8027001776,14.1530542304,0 42.399718108,12.4697179521,0 41.8290181238,11.7409729921,0 41.7897180619,11.0080541796,0 42.9440912048,11.0024361252,0 42.6647912705,10.6329180787,0 42.8506911546,10.2194451641,0 43.4416631069,9.41763599213,0 44.0105542764,9.00721794602,0 47.0119362832,8.00110893604,0 47.9882452804,8.00410915447,0 44.9508272925,4.90250003725,0 43.686391211,4.89194504183,0 43.1581911641,4.66639121187,0 42.8556911275,4.30471812381,0 42.1177731803,4.19389109097,0 41.9051631882,3.98031818581,0</coordinates></LinearRing></outerBoundaryIs></Polygon>",55,66,ET,45.229064,92.876134,,
Gabon,1970-2010,22.9,36.1,2.4,1504,"<Polygon><outerBoundaryIs><LinearRing><coordinates>9.0250633113,-1.29431794354,0 8.71000014291,-0.641109018814,0 9.00777328902,-0.813890889146,0 9.29833615436,-0.371663855669,0 9.35083620504,0.362018045287,0 9.466945178,0.167217921079,0 9.9211092151,0.185282263578,0 9.49770910967,0.293682064887,0 9.30860918256,0.52639119033,0 9.54221802149,0.672500000665,0 9.60000017993,0.481109131765,0 9.57200914948,0.99660003417,0 9.80397329136,1.00260902057,0 11.3538911284,1.0019450062,0 11.3397630953,2.16860903668,0 11.3673450889,2.29887303249,0 12.3356540624,2.31790012039,0 13.2938911733,2.16360906379,0 13.1867821851,1.222473047,0 13.8044453024,1.43562702464,0 14.1915272918,1.39055401074,0 14.4856911904,0.917218046459,0 13.9604181041,0.348609011825,0 13.8490271368,-0.202635904503,0 14.5195822425,-0.61333591784,0 14.4280542065,-1.88458196036,0 14.2588913067,-1.97368192664,0 14.1108362185,-2.49305482369,0 13.8705540435,-2.4708999448,0 13.764445184,-2.09076403856,0 13.4846542377,-2.43465491898,0 13.0015092674,-2.36767295123,0 12.6525002292,-1.8234728569,0 12.4369451716,-1.90110889417,0 12.4780542158,-2.32721786308,0 11.57347302,-2.3363908503,0 11.5427732937,-2.83166393164,0 11.8048631692,-3.01541804853,0 11.7063910616,-3.17778188374,0 11.9622912368,-3.29742684638,0 11.9218731967,-3.62749999174,0 11.7400001465,-3.68666399075,0 11.4920822254,-3.50902698681,0 11.1406632224,-3.92527280258,0 9.70250012722,-2.44791793969,0 10.016109203,-2.63971784547,0 10.1334731145,-2.52389083973,0 9.61097309705,-2.37069093929,0 9.32250017545,-1.90749992773,0 9.53687321709,-2.06839994736,0 9.51805416803,-1.92694594315,0 9.26277308019,-1.84944586034,0 8.98548212037,-1.24305489413,0 9.01923604456,-1.30548196805,0 9.29110910978,-1.63889094324,0 9.51389121199,-1.59666375312,0 9.28832715611,-1.57041783491,0 9.33343621219,-1.28559087357,0 9.2247180662,-1.41125488089,0 9.02839126214,-1.29862707997,0 9.02666324898,-1.29763600374,0 9.0250633113,-1.29431794354,0</coordinates></LinearRing></outerBoundaryIs></Polygon>",62,73,GA,29.549215,21.276077,,
Ghana,1970-2010,1.9,4.7,8.4,56,"<Polygon><outerBoundaryIs><LinearRing><coordinates>0.626754213305,5.85665415553,0 0.663745228502,5.75992716026,0 0.255836053654,5.75777301113,0 -2.05889088773,4.73083614517,0 -3.10304585924,5.08501799106,0 -3.10227271249,5.1095451162,0 -2.92812677123,5.10021823724,0 -2.73444579874,5.11278203958,0 -2.76444580376,5.5791640417,0 -3.01360877282,5.70750003213,0 -3.24889080727,6.61374520338,0 -2.77513692129,7.94291824363,0 -2.4877818103,8.19777302788,0 -2.76749983401,9.06360904381,0 -2.68556388039,9.48181806895,0 -2.9275267946,10.7081449893,0 -2.83404577516,11.002009151,0 -0.618472892944,10.9138910409,0 -0.149763906863,11.1385361049,0 0.0313180592932,11.0771542543,0 -0.0787547698948,10.6508271883,0 0.366527132022,10.254164013,0 0.217218278684,9.46028210978,0 0.550627253882,9.40889098489,0 0.512782122749,8.84444507394,0 0.382736056428,8.76075411743,0 0.726245224981,8.32374515397,0 0.525000255404,6.94778215077,0 0.758891229197,6.4477820113,0 1.19889119099,6.10054507512,0 0.945000157978,5.78083615306,0 0.687991056971,5.75385413611,0 0.626754213305,5.85665415553,0</coordinates></LinearRing></outerBoundaryIs></Polygon>",33,78,GH,20.588616,19.631539,,
Guinea,1986-2010,-0.9,-0.8,2.9,na,"<Polygon><outerBoundaryIs><LinearRing><coordinates>-8.46974579584,7.56132707136,0 -8.66055479302,7.6949999872,0 -8.84444587022,7.27173600388,0 -9.10997299653,7.19392713176,0 -9.32444595046,7.42680909205,0 -9.48516374752,7.36199116406,0 -9.35385486366,7.74236411052,0 -9.4836548373,8.34692715128,0 -9.66986384601,8.49069120802,0 -10.2666548509,8.48837310887,0 -10.6958367931,8.29860899974,0 -10.5080548364,8.71791806585,0 -10.5715267984,9.05952705695,0 -10.7396548685,9.0913910296,0 -10.6572909349,9.30263611261,0 -11.2144457635,9.99750007874,0 -12.4561088845,9.8883360155,0 -12.7977817457,9.2980540614,0 -13.295608793,9.03214505558,0 -13.4931367237,9.56007302595,0 -13.6722268144,9.56332704841,0 -13.6886369045,9.95219103045,0 -13.8223639674,9.84944515813,0 -14.4574998325,10.2936090818,0 -14.5358268738,10.5066732054,0 -14.6606997972,10.4733271447,0 -14.5165268712,10.8427731068,0 -14.6986087984,10.6404820757,0 -14.818208834,10.9159451101,0 -14.9844457791,10.7690269432,0 -15.0168456906,10.9564541777,0 -14.6781269474,11.5126362027,0 -13.7081908788,11.7176360972,0 -13.7140727956,12.0161820548,0 -13.9639819217,12.1534910403,0 -13.6693087386,12.3186091689,0 -13.7131367046,12.6772181684,0 -13.0563178618,12.634099982,0 -13.0456998345,12.4790270614,0 -12.8962548591,12.5450000157,0 -12.3453998689,12.3017451149,0 -11.3730548414,12.4077730052,0 -11.4941637872,12.1763820179,0 -11.3195818193,12.0256909887,0 -10.9288909177,12.2244450243,0 -10.652745764,11.8926091647,0 -10.3270907198,12.2235362584,0 -9.70194574814,12.0291641141,0 -9.3184728386,12.268054055,0 -9.35986385006,12.4884731311,0 -8.97999985277,12.3927730866,0 -8.77972684869,11.9258360348,0 -8.83166380311,11.6616640946,0 -8.36284585229,11.3751180049,0 -8.67152670431,10.9589270068,0 -8.28971777019,11.0077732182,0 -8.26999984583,10.5025000235,0 -7.97645486697,10.3288181044,0 -7.97398187025,10.165609038,0 -8.14763679962,9.98389105307,0 -8.14360895986,9.53389097785,0 -7.73610882189,9.09166411201,0 -7.95625481554,8.80444512313,0 -7.67347287094,8.61527311164,0 -7.65337289943,8.38383602383,0 -8.24101790678,8.44654506497,0 -8.22889080159,8.24027296513,0 -7.94683690911,8.01850909653,0 -8.05339084769,8.03281801112,0 -8.1864637869,7.57305419213,0 -8.46974579584,7.56132707136,0</coordinates></LinearRing></outerBoundaryIs></Polygon>",71,82,GN,28.718716,20.194791,,
Guinea-Bissau,1982-2010,0.1,0.2,1,20,"<Polygon><outerBoundaryIs><LinearRing><coordinates>-16.7177727339,12.3224269581,0 -15.6852816836,12.4300001361,0 -15.2180549533,12.6847181277,0 -13.7131367046,12.6772181684,0 -13.6693087386,12.3186091689,0 -13.9639819217,12.1534910403,0 -13.7140727956,12.0161820548,0 -13.7081908788,11.7176360972,0 -14.6781269474,11.5126362027,0 -15.0168456906,10.9564541777,0 -15.0227819221,11.19527304,0 -15.2329179117,10.9958999171,0 -15.2088177607,11.2297540105,0 -15.4077818468,11.1898640303,0 -15.265281781,11.4259091532,0 -15.5011458548,11.3328091751,0 -15.2820817972,11.6193091643,0 -15.0272268454,11.5941641252,0 -15.3390368295,11.6814641616,0 -15.444337003,11.5531269977,0 -15.5561090116,11.7254181914,0 -15.3870547412,11.8803181095,0 -15.9594458582,11.7352731303,0 -15.7058089645,12.0099090385,0 -16.2491728802,11.9281910143,0 -16.3497268848,12.1058360649,0 -16.1152818672,12.3333271203,0 -16.4552818682,12.1718090191,0 -16.7177727339,12.3224269581,0</coordinates></LinearRing></outerBoundaryIs></Polygon>",29,89,GW,11.761280,2.596808,,
Kenya,1970-2010,-18.8,-20.2,8.4,na,"<Polygon><outerBoundaryIs><LinearRing><coordinates>41.9051631882,3.98031818581,0 40.9913541875,2.83553611946,0 40.9983272604,-0.866108972608,0 41.5581542397,-1.67487294493,0 41.3152820567,-1.95805487396,0 40.8916631836,-2.01916397742,0 40.9820822938,-2.25721790725,0 40.6304822417,-2.55284578906,0 40.2311091971,-2.67110891114,0 40.1254821293,-3.26569094921,0 39.4025002307,-4.63389096895,0 39.2030271955,-4.66961782551,0 37.6263821513,-3.5095179987,0 37.7199912463,-3.31194581147,0 37.6027731799,-2.995835911,0 33.9211001515,-1.00194576057,0 33.907218211,0.103053949178,0 34.5200002108,1.10583601414,0 34.8203452601,1.23597310793,0 35.0097182696,1.89528204653,0 34.9094361739,2.52110913752,0 34.4037452251,3.38528218386,0 34.463609113,3.6646542026,0 34.2222181799,3.7791642437,0 33.9966631764,4.22278200256,0 34.3881912626,4.60968193704,0 35.9405541008,4.62250004632,0 36.0453002305,4.44708206743,0 37.0397181619,4.37555409066,0 38.1211090679,3.61166414585,0 39.519027293,3.40930907701,0 39.8666632078,3.8694450525,0 40.783763279,4.28797309288,0 41.1605543029,3.94583604188,0 41.9051631882,3.98031818581,0</coordinates></LinearRing></outerBoundaryIs></Polygon>",35,108,KE,31.994769,47.325633,,
Lesotho,1977-2010,0.7,1.3,0.7,186,"<Polygon><outerBoundaryIs><LinearRing><coordinates>28.8069362294,-28.7574998901,0 29.3269451453,-29.0874999452,0 29.4555542181,-29.3490999823,0 29.1455542222,-29.7169460068,0 29.1665272527,-29.9154179075,0 28.3777821151,-30.160281966,0 28.0799362141,-30.6505270789,0 27.737354084,-30.5965999254,0 27.3789180869,-30.3173269807,0 27.0139732068,-29.6271359256,0 28.1828451982,-28.6982639743,0 28.6477732754,-28.5706999572,0 28.8069362294,-28.7574998901,0</coordinates></LinearRing></outerBoundaryIs></Polygon>",13,125,LS,6.789979,2.864008,,
Liberia,1999-2010,-2.2,5.5,0.2,2750,"<Polygon><outerBoundaryIs><LinearRing><coordinates>-8.46974579584,7.56132707136,0 -8.30889087085,6.8580542123,0 -8.6063818821,6.50781806351,0 -7.89778182063,6.2619451591,0 -7.75763690206,5.94666406122,0 -7.42569090425,5.84555416876,0 -7.52539984541,4.35280912578,0 -9.14278177731,5.05555409258,0 -11.4923268093,6.92709108744,0 -10.6077818825,7.77250007,0 -10.6026367351,8.03291825868,0 -10.2975728419,8.19902712824,0 -10.2666548509,8.48837310887,0 -9.66986384601,8.49069120802,0 -9.4836548373,8.34692715128,0 -9.35385486366,7.74236411052,0 -9.48516374752,7.36199116406,0 -9.32444595046,7.42680909205,0 -9.10997299653,7.19392713176,0 -8.84444587022,7.27173600388,0 -8.66055479302,7.6949999872,0 -8.46974579584,7.56132707136,0</coordinates></LinearRing></outerBoundaryIs></Polygon>",22,124,LR,14.322616,7.785686,,
Madagascar,1970-2010,-1.7,-1.7,2.3,na,"<Polygon><outerBoundaryIs><LinearRing><coordinates>44.5877733697,-25.2938909582,0 44.0322183111,-25.0044460711,0 43.6916632605,-24.3844459116,0 43.6249912555,-23.7616730185,0 43.7599913619,-23.4680547818,0 43.3619361201,-22.8527820157,0 43.2388822374,-22.2824999532,0 43.5005453064,-21.3338909668,0 43.8086092503,-21.2252819531,0 44.4797182322,-19.9805549112,0 44.3708272514,-19.7770818642,0 44.4691632368,-19.4383359636,0 44.2656732583,-19.144935824,0 43.9216631872,-17.5805638978,0 44.437773177,-16.6922177779,0 44.4427731499,-16.2038907797,0 44.8736002921,-16.2102818133,0 45.2650001351,-15.9275000363,0 45.3026362216,-16.1177819794,0 45.3905451194,-15.973335971,0 45.6177733183,-16.0574998345,0 45.7166633476,-15.7916728037,0 46.0636090964,-15.8719459554,0 46.1513822074,-15.7036090083,0 46.3022182435,-15.9611089536,0 46.4777731827,-15.9613909208,0 46.3383363673,-15.6247269173,0 46.9472180999,-15.1988910308,0 47.0763822224,-15.3344458515,0 46.959445285,-15.5580549123,0 47.223618231,-15.4484638749,0 47.0583271,-15.1850000379,0 47.4549912811,-14.6652818064,0 47.4272181801,-15.1105548235,0 47.8112732967,-14.6038909034,0 48.0133272876,-14.7494460052,0 47.6997180441,-14.408335905,0 47.9277732016,-14.2538909566,0 47.9141631701,-14.0888910129,0 48.0030542594,-14.3227819867,0 48.0314001796,-14.0634088537,0 47.9052731559,-13.5963910004,0 48.0633271842,-13.5180549066,0 48.2872182122,-13.8080548433,0 48.3376363657,-13.5508360271,0 48.7927732065,-13.3677817991,0 48.9594451723,-12.8222270216,0 48.733600155,-12.4376357985,0 48.9441631188,-12.4858361005,0 49.283882326,-11.9541729864,0 49.367363232,-12.2058359419,0 49.2325000859,-12.2249998225,0 49.5183273436,-12.3458358536,0 49.5706183496,-12.6487729226,0 49.943327219,-13.039445887,0 50.2000002057,-14.5702818185,0 50.4967822756,-15.2494550295,0 50.4336092123,-15.5799999084,0 50.1727731019,-15.9797270046,0 49.8661092711,-15.4324998697,0 49.633609358,-15.5574998627,0 49.6813823505,-16.0549998481,0 49.8540182081,-16.2313909659,0 49.7886091883,-16.8302819728,0 49.5969361845,-16.9086090142,0 49.4227731442,-17.3158359021,0 49.5102731728,-17.7113908222,0 49.3683271509,-18.3513910409,0 47.1330452291,-24.9280549141,0 45.4877820697,-25.5755549246,0 44.5877733697,-25.2938909582,0</coordinates></LinearRing></outerBoundaryIs></Polygon>",71,134,MG,40.666408,50.869720,,
Malawi,1970-2010,-2.5,-3.1,0.9,na,"<MultiGeometry><Polygon><outerBoundaryIs><LinearRing><coordinates>33.222227121,-14.0125638936,0 32.6818733144,-13.6128458498,0 32.9774913056,-13.2291729481,0 33.0463912204,-12.6038908485,0 33.5418002563,-12.3641729432,0 33.2713821218,-12.129926912,0 33.2495092101,-11.4110459433,0 33.4104090621,-11.1631908864,0 33.2504092589,-10.8920819155,0 33.7022821866,-10.561855046,0 33.325973122,-10.064026993,0 33.2291631459,-9.63416376963,0 33.0001273057,-9.62184589233,0 32.9404002105,-9.40507294416,0 33.9188180945,-9.70673596391,0 34.0415271457,-9.48375504296,0 34.3296451775,-9.7402089267,0 34.5348541167,-10.0459728764,0 34.616036202,-11.110763926,0 34.9667271528,-11.5721089072,0 34.6248542994,-11.5793729997,0 34.375273241,-12.1558358777,0 34.5656913062,-13.3395820592,0 35.0952731937,-13.6861088806,0 35.9209632461,-14.8938910078,0 35.8159633124,-16.0136090043,0 35.4116632174,-16.1262549101,0 35.1386181945,-16.549746043,0 35.2900542072,-17.1342639299,0 35.0877732344,-17.1270819799,0 35.1451362977,-16.8361089043,0 34.4506912591,-16.2807000261,0 34.2544360365,-15.8888908109,0 34.5897181994,-15.2827818119,0 34.52221823,-14.5716639943,0 34.3637451066,-14.3859729873,0 33.6333271188,-14.539717879,0 33.222227121,-14.0125638936,0</coordinates></LinearRing></outerBoundaryIs></Polygon><Polygon><outerBoundaryIs><LinearRing><coordinates>34.7203912321,-12.0392638884,0 34.7518632669,-12.0392638884,0 34.7161181378,-12.092072896,0 34.7203912321,-12.0392638884,0</coordinates></LinearRing></outerBoundaryIs></Polygon><Polygon><outerBoundaryIs><LinearRing><coordinates>34.6179732598,-12.0387269437,0 34.6174363151,-12.0088548465,0 34.6281093277,-12.03072692,0 34.6179732598,-12.0387269437,0</coordinates></LinearRing></outerBoundaryIs></Polygon></MultiGeometry>",46,147,MW,21.806333,9.760880,,
Mali,1970-2010,-2.5,-3.1,2.3,na,"<Polygon><outerBoundaryIs><LinearRing><coordinates>-5.5198459414,10.4362730976,0 -6.11139071303,10.1977730828,0 -6.24339998872,10.7352540759,0 -6.4219087106,10.5516640767,0 -6.64559974639,10.6639911349,0 -6.65083675951,10.3609730967,0 -6.94083686387,10.3537452139,0 -6.98805497443,10.1474999362,0 -7.63799093359,10.4466641429,0 -7.97398187025,10.165609038,0 -7.97645486697,10.3288181044,0 -8.26999984583,10.5025000235,0 -8.28971777019,11.0077732182,0 -8.67152670431,10.9589270068,0 -8.36284585229,11.3751180049,0 -8.83166380311,11.6616640946,0 -8.77972684869,11.9258360348,0 -8.97999985277,12.3927730866,0 -9.35986385006,12.4884731311,0 -9.3184728386,12.268054055,0 -9.70194574814,12.0291641141,0 -10.3270907198,12.2235362584,0 -10.652745764,11.8926091647,0 -10.9288909177,12.2244450243,0 -11.3195818193,12.0256909887,0 -11.4941637872,12.1763820179,0 -11.3730548414,12.4077730052,0 -11.376108704,12.9829180804,0 -11.6345817882,13.3915271441,0 -11.8095179753,13.3092730135,0 -12.0572177993,13.6647180122,0 -11.9822269231,14.1727731606,0 -12.2063999183,14.3952910652,0 -12.2448368118,14.7643821376,0 -11.8413908327,14.8630540697,0 -11.7116728341,15.5450001819,0 -11.4986088781,15.6418000997,0 -10.8965637611,15.1103641352,0 -10.7163908961,15.4389002072,0 -9.40972678637,15.4443090493,0 -9.33805480849,15.7047180179,0 -9.33360871176,15.4997181233,0 -5.49505495395,15.4983729955,0 -5.33499983016,16.3280541749,0 -5.60139096305,16.507773076,0 -6.57721783316,24.9991640472,0 -4.80610894675,25.0002731406,0 1.17080024825,21.1008540251,0 1.17639114532,20.7337449375,0 1.62750031398,20.5711090257,0 1.78971813644,20.3129180764,0 2.20360914032,20.2830541935,0 2.42166317857,20.0530542668,0 3.233054207,19.8171450983,0 3.2780541307,19.4058271711,0 3.11700910415,19.145554157,0 3.33194524205,18.9763910895,0 4.24528217396,19.1466642562,0 4.20083612642,16.3938911747,0 3.88500014655,15.7091641147,0 3.51810027129,15.3599091515,0 1.3125001775,15.2866642256,0 0.97471819577,14.9786091665,0 0.235045245683,14.9150641143,0 -0.725281976665,15.0827730892,0 -1.07416394517,14.7769449341,0 -1.98083676112,14.4747181476,0 -2.00694588667,14.1877730793,0 -2.46513692534,14.2861090647,0 -2.81555496143,14.0502822066,0 -2.88221791395,13.6643002581,0 -3.2574996924,13.6966641275,0 -3.23221769306,13.2880540579,0 -3.43767289261,13.166500033,0 -3.96425489697,13.503827045,0 -4.33555493613,13.1195092396,0 -4.19444576342,12.8286090865,0 -4.46889073182,12.72389112,0 -4.41749977457,12.3008271289,0 -4.63342682106,12.0672271747,0 -5.27305488331,11.8438910287,0 -5.20860894418,11.4616641729,0 -5.29944580844,11.1394452061,0 -5.48562698923,11.077291047,0 -5.5198459414,10.4362730976,0</coordinates></LinearRing></outerBoundaryIs></Polygon>",85,137,ML,61.913219,106.802442,,
Mauritania,1976-2010,1.1,1.3,2.4,54,"<Polygon><outerBoundaryIs><LinearRing><coordinates>-16.5276818982,16.0602451593,0 -16.0394459275,17.7345819558,0 -16.1791727567,18.9130540762,0 -16.511672966,19.352218027,0 -16.309445805,19.4675000414,0 -16.4688907262,19.4486090756,0 -16.2330549833,19.7938910167,0 -16.196808784,20.2261092195,0 -16.9236817297,21.1584730717,0 -17.0523266771,20.7641,0 -16.9537548249,21.3366641194,0 -12.9997269395,21.3380540066,0 -13.1052817552,22.8930539592,0 -12.5713908989,23.2913819482,0 -12.0002817102,23.4544361169,0 -12.0005547926,26.0000000019,0 -8.66694582657,26.0002730843,0 -8.666790929,27.2904541814,0 -4.80610894675,25.0002731406,0 -6.57721783316,24.9991640472,0 -5.60139096305,16.507773076,0 -5.33499983016,16.3280541749,0 -5.49505495395,15.4983729955,0 -9.33360871176,15.4997181233,0 -9.33805480849,15.7047180179,0 -9.40972678637,15.4443090493,0 -10.7163908961,15.4389002072,0 -10.8965637611,15.1103641352,0 -11.4986088781,15.6418000997,0 -11.7116728341,15.5450001819,0 -11.8413908327,14.8630540697,0 -12.2448368118,14.7643821376,0 -12.8497267468,15.2080540436,0 -13.395417814,16.0554180212,0 -13.8161087207,16.1352730836,0 -14.3436088787,16.6361090664,0 -16.2852817839,16.5170820177,0 -16.5276818982,16.0602451593,0</coordinates></LinearRing></outerBoundaryIs></Polygon>",38,142,MR,50.338188,89.682906,,
Mauritius,1976-2010,-4.5,-5,1.1,na,"<Polygon><outerBoundaryIs><LinearRing><coordinates>57.5294453198,-20.5205548339,0 57.3070821451,-20.4340269384,0 57.6244451401,-19.9863910628,0 57.7895822118,-20.2859730236,0 57.5294453198,-20.5205548339,0</coordinates></LinearRing></outerBoundaryIs></Polygon>",5,145,MU,1.479695,0.121834,,
Mozambique,1984-2010,0.1,0.8,4,20,"<Polygon><outerBoundaryIs><LinearRing><coordinates>31.9685093145,-25.9578360951,0 32.0161091369,-24.4594458403,0 31.5508271758,-23.476672887,0 31.2975002448,-22.4147640387,0 32.4888731201,-21.3444457945,0 32.3605542288,-21.1355550205,0 32.5022181158,-20.5986089605,0 32.6658362191,-20.5572270015,0 33.0188821494,-19.9433359083,0 33.0594363117,-19.7802820748,0 32.7854090973,-19.4670818682,0 32.8848541762,-19.1052818781,0 32.6994360839,-18.9479178482,0 33.0715912448,-18.3497268979,0 32.9461091247,-17.9750000014,0 33.0420270987,-17.35648193,0 32.8650002973,-16.91860896,0 32.9811360924,-16.7090550097,0 31.9111822934,-16.4127089665,0 31.2766633364,-16.0186089771,0 30.4223631662,-16.0055548335,0 30.4157542032,-15.6318729927,0 30.213018093,-14.9817179306,0 33.222227121,-14.0125638936,0 33.6333271188,-14.539717879,0 34.3637451066,-14.3859729873,0 34.52221823,-14.5716639943,0 34.5897181994,-15.2827818119,0 34.2544360365,-15.8888908109,0 34.4506912591,-16.2807000261,0 35.1451362977,-16.8361089043,0 35.0877732344,-17.1270819799,0 35.2900542072,-17.1342639299,0 35.1386181945,-16.549746043,0 35.4116632174,-16.1262549101,0 35.8159633124,-16.0136090043,0 35.9209632461,-14.8938910078,0 35.0952731937,-13.6861088806,0 34.5656913062,-13.3395820592,0 34.375273241,-12.1558358777,0 34.6248542994,-11.5793729997,0 34.9667271528,-11.5721089072,0 35.5733271637,-11.607082063,0 35.8284731353,-11.4168728748,0 36.1876361786,-11.7054178808,0 36.5574271399,-11.7404178587,0 36.8269452256,-11.5721910498,0 37.4732092406,-11.7187090647,0 37.7919361389,-11.5611090003,0 37.9344362046,-11.2880549249,0 38.4917090505,-11.4153089793,0 38.9056910818,-11.1701359638,0 39.2625003191,-11.1694457979,0 40.4368093158,-10.4781728067,0 40.6172182152,-10.841672982,0 40.3877731705,-11.3177818475,0 40.4741632674,-12.5049270585,0 40.6459731723,-12.7554178887,0 40.4127733702,-12.9692358807,0 40.5929091871,-12.9706909791,0 40.6497182066,-14.0216639583,0 40.5327732226,-14.1675000215,0 40.7227733662,-14.2020819101,0 40.636109181,-14.4847268944,0 40.80638218,-14.4059728788,0 40.8461092161,-14.6977819655,0 40.5144451855,-15.1838907768,0 40.6843002628,-15.2548638716,0 40.5877732598,-15.4797270328,0 39.6986092338,-16.536945871,0 39.0961820696,-16.9843728695,0 37.8722181754,-17.3763909618,0 36.9838911662,-18.0013909265,0 36.8463823562,-17.8755550902,0 36.943882163,-18.1086088795,0 36.2527821743,-18.8913909636,0 36.10013615,-18.8130550374,0 34.8906912209,-19.8604179309,0 34.6268000744,-19.6186089084,0 34.7761002106,-19.8259089649,0 34.666936315,-20.3911818344,0 35.1118001276,-20.9333000316,0 35.3067362062,-22.4074997785,0 35.3972181807,-22.4599999968,0 35.4458271843,-22.1202817954,0 35.545273269,-22.2324998889,0 35.597263197,-22.919672956,0 35.3383361489,-23.9058360538,0 35.5229091778,-23.7954908128,0 35.4955541661,-24.1022178432,0 35.0122182561,-24.6541639895,0 32.811109186,-25.6120819176,0 32.5871542879,-25.9724358617,0 32.8431912558,-26.2911089482,0 32.9456181129,-26.0877089913,0 32.8904273036,-26.8471459662,0 32.1334001259,-26.8396268961,0 31.9685093145,-25.9578360951,0</coordinates></LinearRing></outerBoundaryIs><innerBoundaryIs><LinearRing><coordinates>34.7203912321,-12.0392638884,0 34.7161181378,-12.092072896,0 34.7518632669,-12.0392638884,0 34.7203912321,-12.0392638884,0</coordinates></LinearRing></innerBoundaryIs><innerBoundaryIs><LinearRing><coordinates>34.6179732598,-12.0387269437,0 34.6281093277,-12.03072692,0 34.6174363151,-12.0088548465,0 34.6179732598,-12.0387269437,0</coordinates></LinearRing></innerBoundaryIs></Polygon>",106,150,MZ,62.451821,67.419018,,
Namibia,1998-2010,0.6,0.7,2.9,24,"<Polygon><outerBoundaryIs><LinearRing><coordinates>20.0009452738,-24.765408944,0 19.9969452619,-28.415581942,0 19.5674541951,-28.528326922,0 19.1458271975,-28.9549999929,0 18.1813182436,-28.9084730541,0 17.4009001915,-28.7083998746,0 17.3980542001,-28.342226878,0 17.075763149,-28.030345983,0 16.4895911773,-28.5781818116,0 15.7563910681,-28.0341729923,0 15.2941633049,-27.3224999575,0 14.8377732019,-25.7619459882,0 14.8566631619,-25.0588910586,0 14.4626362628,-24.103335989,0 14.5113911115,-22.5527819655,0 13.40389108,-20.8623638172,0 12.4608361103,-18.9280549169,0 11.8072181487,-18.0862548466,0 11.7527822136,-17.2548360987,0 12.0877731892,-17.1365270437,0 12.5572181064,-17.2433359598,0 13.1491630301,-16.95417304,0 13.4720822211,-17.0108358791,0 13.9932181677,-17.4239460248,0 18.4515362182,-17.3898360374,0 18.9194452355,-17.8163909236,0 20.3213182102,-17.8572268854,0 20.8541631726,-18.0163908452,0 23.4761091621,-17.625835898,0 24.6638912301,-17.4936180806,0 25.2644272693,-17.8022548438,0 24.8327731685,-17.8377089532,0 24.5663181655,-18.0542359764,0 24.3630543307,-17.9491639583,0 23.6132541975,-18.4851638691,0 23.2971090931,-17.9959460422,0 20.9932911987,-18.3184178072,0 20.9919450651,-21.9969459455,0 19.9966632947,-22.0049999487,0 20.0009452738,-24.765408944,0</coordinates></LinearRing></outerBoundaryIs></Polygon>",40,151,NA,47.159617,72.408444,,
Niger,1974-2010,-3.3,-3.6,1.1,na,"<Polygon><outerBoundaryIs><LinearRing><coordinates>0.235045245683,14.9150641143,0 0.97471819577,14.9786091665,0 1.3125001775,15.2866642256,0 3.51810027129,15.3599091515,0 3.88500014655,15.7091641147,0 4.20083612642,16.3938911747,0 4.24528217396,19.1466642562,0 5.81250025923,19.4461090891,0 7.46377307561,20.8566732593,0 11.9864731952,23.522309081,0 13.5438913269,23.1686091945,0 14.2350000328,22.6141642352,0 14.99789119,23.0005910951,0 15.2095821902,21.4918002395,0 15.5830541482,21.0186089469,0 15.5775002991,20.76597302,0 15.9966631848,20.3530539817,0 15.7538910817,19.9325002029,0 15.4897181356,16.9209730758,0 14.3688912134,15.7338910644,0 13.6743732522,14.5522909853,0 13.4650001834,14.4508360937,0 13.6251181715,13.7183360411,0 12.8761091224,13.4733269756,0 12.45916325,13.0661089725,0 11.4633363207,13.3733362349,0 10.7145820814,13.3854180778,0 10.1415271177,13.256109116,0 9.63492723529,12.8024360908,0 8.81860915652,12.8966641055,0 7.81500013299,13.3527730794,0 6.94221820151,12.9968000208,0 6.28500004485,13.6838911128,0 5.54836318774,13.8914999586,0 4.88555413401,13.7813910872,0 4.14278222667,13.4734729884,0 4.10500012745,12.9963909839,0 3.65778217353,12.5288911712,0 3.60445415845,11.6932730898,0 2.83861827099,12.3966540754,0 2.38836321827,12.2473271171,0 2.39792713746,11.8961542068,0 2.05833617337,12.357218059,0 2.25610919101,12.4811089585,0 2.14229115983,12.6941001596,0 1.57833609313,12.6300000578,0 0.989163232466,13.0472180067,0 0.991663218914,13.3716642128,0 1.27651817581,13.3480542355,0 0.607573233663,13.6988181089,0 0.166663164816,14.5230540688,0 0.235045245683,14.9150641143,0</coordinates></LinearRing></outerBoundaryIs></Polygon>",52,153,NE,49.589188,100.525420,,
Nigeria,1970-2010,233.9,306.2,7.9,3876,"<Polygon><outerBoundaryIs><LinearRing><coordinates>14.0747180947,13.0816641085,0 14.1744451407,12.3966641337,0 14.6452821244,12.1883270681,0 14.6445091453,11.5723542455,0 13.807218036,11.0558271722,0 13.4543001811,10.1587449299,0 13.253054038,10.0718090034,0 13.2418090444,9.58500013551,0 12.8977822095,9.34805412564,0 12.7972183142,8.77139108786,0 12.2505542756,8.4009731602,0 12.0422913061,7.57736399911,0 11.7549631848,7.26830009412,0 11.8641632903,7.08471814152,0 11.3402732179,6.44083592812,0 11.1278451131,6.43791818762,0 11.0436091653,6.75333624579,0 10.6203451819,7.05708200084,0 10.513336106,6.87805410388,0 10.2306911217,6.88124509443,0 10.1661090605,7.02013608028,0 9.79555417251,6.80166412034,0 9.70884522794,6.5212540867,0 8.86444509125,5.83757308818,0 8.82471805521,5.18860909451,0 8.59173618264,4.81092707425,0 8.47860915556,4.70389117623,0 8.27471818678,4.85666410252,0 8.29368224277,4.54749994997,0 7.69528224779,4.49750005337,0 7.53721816128,4.53999999062,0 7.5504002128,4.70655393924,0 7.2725002239,4.55778203062,0 7.07430928458,4.75305405598,0 7.17944517278,4.50694511717,0 7.07305417839,4.43471792203,0 6.96389112098,4.72486403914,0 7.00868216765,4.37131804442,0 6.87166319606,4.3926360741,0 6.76284513778,4.76347309693,0 6.84860910659,4.34833603932,0 6.72048232846,4.34819103239,0 6.73242721107,4.60353615797,0 6.69236305489,4.3318091055,0 6.25118225057,4.30156418128,0 6.25278218825,4.44999997558,0 6.11173621508,4.27284509871,0 5.73694511324,4.48944504439,0 5.45194531705,4.92305414028,0 5.34527319363,5.33000006681,0 5.63604527128,5.53673602117,0 5.26194517353,5.43319118583,0 5.21479110071,5.57763602074,0 5.50250026328,5.61694496745,0 5.18208223222,5.57486412536,0 4.53374520491,6.29916399442,0 3.41305423709,6.40971811249,0 3.80721809652,6.6127821227,0 3.44305424211,6.57833618859,0 3.31916317494,6.3855540914,0 2.71960915953,6.36550910518,0 2.79208211207,9.05041793983,0 3.095000238,9.09055418038,0 3.17139122738,9.49639101349,0 3.61200927071,9.95410009272,0 3.58194506032,10.275272998,0 3.85500014154,10.5850000792,0 3.73577310059,11.1206360477,0 3.47500018977,11.4297180576,0 3.60445415845,11.6932730898,0 3.65778217353,12.5288911712,0 4.10500012745,12.9963909839,0 4.14278222667,13.4734729884,0 4.88555413401,13.7813910872,0 5.54836318774,13.8914999586,0 6.28500004485,13.6838911128,0 6.94221820151,12.9968000208,0 7.81500013299,13.3527730794,0 8.81860915652,12.8966641055,0 9.63492723529,12.8024360908,0 10.1415271177,13.256109116,0 10.7145820814,13.3854180778,0 11.4633363207,13.3733362349,0 12.45916325,13.0661089725,0 12.8761091224,13.4733269756,0 13.6251181715,13.7183360411,0 14.0747180947,13.0816641085,0</coordinates></LinearRing></outerBoundaryIs></Polygon>",87,155,NG,44.667981,74.981697,,
Rwanda,1976-2010,-0.6,-0.8,0.8,na,"<Polygon><outerBoundaryIs><LinearRing><coordinates>29.5969451904,-1.38583592125,0 29.8352822609,-1.31971779244,0 29.979718211,-1.46221802581,0 30.4822181693,-1.06333582543,0 30.8309361878,-1.65489987544,0 30.8932631818,-2.07548198501,0 30.8307633529,-2.35430884477,0 30.5733271102,-2.39916392918,0 29.9522181925,-2.30944588136,0 29.8219451442,-2.77278189986,0 29.380482205,-2.82548194275,0 29.1405542493,-2.58916390507,0 29.0244362239,-2.7447177792,0 28.8674272513,-2.39868180211,0 29.1183271184,-2.24110889513,0 29.2708361824,-1.62639084337,0 29.5969451904,-1.38583592125,0</coordinates></LinearRing></outerBoundaryIs></Polygon>",17,183,RW,6.549930,2.026141,,
Sao Tome & Principe,1977-2010,0,0,0.2,na,"<Polygon><outerBoundaryIs><LinearRing><coordinates>6.52389132682,0.0183360418903,0 6.46721809417,0.259718257849,0 6.68778217715,0.402218155943,0 6.75152722153,0.22680922951,0 6.52389132682,0.0183360418903,0</coordinates></LinearRing></outerBoundaryIs></Polygon>",5,199,ST,1.005844,0.057267,,
Senegal,1974-2010,-5.7,-5.7,3.7,na,"<Polygon><outerBoundaryIs><LinearRing><coordinates>-16.4569178481,12.6190640211,0 -16.5939638094,12.7833360804,0 -16.7529178864,12.5647182753,0 -16.7508728696,13.0599732517,0 -15.8097179097,13.1597180674,0 -15.8065269192,13.3394450151,0 -15.2904179352,13.3727731386,0 -15.1116639589,13.5958362022,0 -14.3511088381,13.2377820847,0 -13.803472834,13.3844451065,0 -13.9191638853,13.5681910091,0 -14.3348637039,13.4540271406,0 -15.0702819999,13.8263911785,0 -15.3644458985,13.7813910872,0 -15.4881998377,13.5908360617,0 -16.5656728744,13.5900000507,0 -16.6386177281,13.7527730904,0 -16.4908368957,13.9580539464,0 -16.6984368567,13.7704449922,0 -16.7453458427,13.9534730686,0 -16.3674267822,14.1663911795,0 -16.7758368596,14.0124999397,0 -17.1755549033,14.6544450953,0 -17.5327818947,14.7501360873,0 -16.8793728101,15.2243090684,0 -16.546390809,15.7566640248,0 -16.5276818982,16.0602451593,0 -16.2852817839,16.5170820177,0 -14.3436088787,16.6361090664,0 -13.8161087207,16.1352730836,0 -13.395417814,16.0554180212,0 -12.8497267468,15.2080540436,0 -12.2448368118,14.7643821376,0 -12.2063999183,14.3952910652,0 -11.9822269231,14.1727731606,0 -12.0572177993,13.6647180122,0 -11.8095179753,13.3092730135,0 -11.6345817882,13.3915271441,0 -11.376108704,12.9829180804,0 -11.3730548414,12.4077730052,0 -12.3453998689,12.3017451149,0 -12.8962548591,12.5450000157,0 -13.0456998345,12.4790270614,0 -13.0563178618,12.634099982,0 -13.7131367046,12.6772181684,0 -15.2180549533,12.6847181277,0 -15.6852816836,12.4300001361,0 -16.7177727339,12.3224269581,0 -16.8001368351,12.4863910663,0 -16.5837549866,12.6326361664,0 -16.374626837,12.5452271652,0 -15.6344459436,12.5310359326,0 -15.3918087891,12.8329182229,0 -15.6456267319,12.5570820262,0 -16.0213819203,12.7249361757,0 -16.3409998149,12.6066541105,0 -16.4216637308,12.5768001182,0 -16.4569178481,12.6190640211,0</coordinates></LinearRing></outerBoundaryIs></Polygon>",58,196,SN,28.988260,16.483942,,
Seychelles,1981-2010,0.5,0.7,1.6,44,"<Polygon><outerBoundaryIs><LinearRing><coordinates>55.5324912484,-4.78916388169,0 55.3754091857,-4.62513607106,0 55.4638823533,-4.55166399566,0 55.5377453606,-4.66147296253,0 55.5324912484,-4.78916388169,0</coordinates></LinearRing></outerBoundaryIs></Polygon>",5,186,SC,0.602253,0.018031,,
Sierra Leone,1977-2010,-0.2,0,0.8,0,"<MultiGeometry><Polygon><outerBoundaryIs><LinearRing><coordinates>-13.295608793,9.03214505558,0 -12.7977817457,9.2980540614,0 -12.4561088845,9.8883360155,0 -11.2144457635,9.99750007874,0 -10.6572909349,9.30263611261,0 -10.7396548685,9.0913910296,0 -10.5715267984,9.05952705695,0 -10.5080548364,8.71791806585,0 -10.6958367931,8.29860899974,0 -10.2666548509,8.48837310887,0 -10.2975728419,8.19902712824,0 -10.6026367351,8.03291825868,0 -10.6077818825,7.77250007,0 -11.4923268093,6.92709108744,0 -12.5041638443,7.38860923877,0 -12.1843089095,7.5910360567,0 -12.4605549812,7.55541816488,0 -12.9589637326,7.90326396251,0 -12.9743368136,8.24777325975,0 -13.1327817738,8.19499995902,0 -13.2849998181,8.49757308582,0 -13.0558999401,8.36958209453,0 -13.0955548918,8.48527314579,0 -12.8974997393,8.56778208631,0 -13.1791638733,8.53944505089,0 -13.1322268918,8.86194497907,0 -13.295608793,9.03214505558,0</coordinates></LinearRing></outerBoundaryIs></Polygon><Polygon><outerBoundaryIs><LinearRing><coordinates>-12.8849998071,7.61416407456,0 -12.5911088233,7.63444509517,0 -12.4962548481,7.50083604944,0 -12.8849998071,7.61416407456,0</coordinates></LinearRing></outerBoundaryIs></Polygon></MultiGeometry>",31,194,SL,12.715030,5.980126,,
South Africa,1970-2010,29.8,60.3,45.5,133,"<MultiGeometry><Polygon><outerBoundaryIs><LinearRing><coordinates>20.0009452738,-24.765408944,0 20.3900001956,-25.0369458949,0 20.8102731806,-25.880835909,0 20.6411091073,-26.8259729435,0 21.6683272699,-26.8636819525,0 22.6248092104,-26.1115638878,0 23.0148272128,-25.2997269421,0 23.4543732108,-25.2770180194,0 23.9019452163,-25.6248638171,0 24.6845730733,-25.8282178411,0 25.5097181343,-25.6777817894,0 25.8713912224,-24.7444459718,0 26.4110451401,-24.6282727934,0 26.8304091915,-24.2751360032,0 27.0052090888,-23.6437550632,0 27.5290911145,-23.3793729048,0 28.2983362573,-22.6094459781,0 29.3736182645,-22.1924090783,0 31.2975002448,-22.4147640387,0 31.5508271758,-23.476672887,0 32.0161091369,-24.4594458403,0 31.9685093145,-25.9578360951,0 31.3256912675,-25.7533359296,0 30.8294452149,-26.3908359943,0 30.8207630719,-26.8102089305,0 31.1616632892,-27.2030549871,0 31.5175000581,-27.3130548937,0 31.9855540823,-27.3163910588,0 32.0155913029,-26.8070819777,0 32.1334001259,-26.8396268961,0 32.8904273036,-26.8471459662,0 32.3944362284,-28.5313910105,0 31.3258362744,-29.3908359929,0 30.0238913438,-31.281109056,0 27.9000002217,-33.040555027,0 26.5305541482,-33.7533358141,0 25.7250001096,-33.7672269747,0 25.7019451819,-34.0319548027,0 25.0226361841,-33.9680550284,0 24.8247181595,-34.2016729198,0 23.6493000693,-33.9838909581,0 23.3661821781,-34.0908998664,0 22.5391632588,-34.011181932,0 21.8025002501,-34.383054958,0 20.5044451931,-34.4647268817,0 20.0000001304,-34.8219999735,0 19.3204091653,-34.5952818972,0 19.2781911953,-34.4091729684,0 18.8197181894,-34.3788909962,0 18.7990271261,-34.0888908918,0 18.4859730999,-34.0994458872,0 18.4047182597,-34.302781974,0 18.3105541152,-34.0355548301,0 18.4390272335,-33.7019549151,0 17.8475002316,-32.8308361209,0 18.2897180449,-32.6293090165,0 18.2790911328,-31.9029819003,0 17.2779182256,-30.3422909707,0 16.4895911773,-28.5781818116,0 17.075763149,-28.030345983,0 17.3980542001,-28.342226878,0 17.4009001915,-28.7083998746,0 18.1813182436,-28.9084730541,0 19.1458271975,-28.9549999929,0 19.5674541951,-28.528326922,0 19.9969452619,-28.415581942,0 20.0009452738,-24.765408944,0</coordinates></LinearRing></outerBoundaryIs><innerBoundaryIs><LinearRing><coordinates>28.8069362294,-28.7574998901,0 28.6477732754,-28.5706999572,0 28.1828451982,-28.6982639743,0 27.0139732068,-29.6271359256,0 27.3789180869,-30.3173269807,0 27.737354084,-30.5965999254,0 28.0799362141,-30.6505270789,0 28.3777821151,-30.160281966,0 29.1665272527,-29.9154179075,0 29.1455542222,-29.7169460068,0 29.4555542181,-29.3490999823,0 29.3269451453,-29.0874999452,0 28.8069362294,-28.7574998901,0</coordinates></LinearRing></innerBoundaryIs></Polygon><Polygon><outerBoundaryIs><LinearRing><coordinates>37.8200000919,-46.9697268208,0 37.5759732179,-46.912917969,0 37.7775001547,-46.8315268391,0 37.8200000919,-46.9697268208,0</coordinates></LinearRing></outerBoundaryIs></Polygon></MultiGeometry>",84,234,ZA,65.252898,112.984260,,
Sudan,1970-2010,36.1,53.9,21.7,248,"<Polygon><outerBoundaryIs><LinearRing><coordinates>30.8588180859,3.49339113312,0 30.7863912338,3.66000006703,0 30.5620091939,3.61326408353,0 30.5510361092,3.86381811325,0 30.2077732009,3.9616640926,0 29.6433271223,4.64360919898,0 29.467773189,4.66389122542,0 29.2436092462,4.34610913527,0 28.7825001317,4.55736410893,0 28.363054273,4.29000017235,0 27.7894450978,4.60013612276,0 27.7688911624,4.78777324013,0 27.4552732018,5.01639115862,0 27.1427732194,5.77194513306,0 26.4422911988,6.07742711554,0 26.5254182209,6.21624517884,0 26.2980542351,6.46555416065,0 26.4040271402,6.64402717562,0 25.200273188,7.5163911854,0 25.255827269,7.84569101637,0 24.8044451855,8.19278210744,0 24.1848540629,8.30986421936,0 24.2011090878,8.68694508952,0 23.5296542685,8.70833620939,0 23.5816631397,8.99374504246,0 23.4483271763,9.01958209143,0 23.6493000693,9.27597311089,0 23.6691631683,9.86694506326,0 22.866500048,10.9224451084,0 22.9713911846,11.2802730822,0 22.5590271959,11.6290271428,0 22.4643002903,12.6148641847,0 22.2233271112,12.7472181242,0 21.9527731899,12.6438910507,0 21.8291000523,12.7972000835,0 22.2850003168,13.3405539409,0 22.0844451779,13.7791641832,0 22.5561822103,14.1297910963,0 22.3865271251,14.5626360979,0 22.6999271563,14.7041001604,0 22.9293732068,15.1140270269,0 22.9372181653,15.5619450374,0 23.1181541187,15.7102909777,0 23.9975632857,15.7028449978,0 24.0027453136,19.4990641095,0 24.0058271717,19.9988181563,0 25.0008273101,19.9991180608,0 25.0014182343,21.9996911027,0 31.2743001426,21.9987451211,0 31.4483272285,22.2322180055,0 31.4602731169,21.9981910773,0 36.8884631983,22.0001090243,0 36.9113821715,21.6086091014,0 37.3065910866,21.0632642067,0 37.0938183179,21.169091099,0 37.4356911713,18.853891083,0 38.6006912264,17.9948821273,0 38.2575002349,17.5327732194,0 37.5120731083,17.3211821314,0 37.4232911514,17.03421812,0 36.993809137,17.0648910242,0 36.9668732205,16.2599270715,0 36.4432822145,15.149954211,0 36.5428181532,14.262054176,0 36.1425452274,12.7148540872,0 35.7010822882,12.6661181816,0 35.0836091049,11.8055540475,0 34.9752731737,10.8644450205,0 34.8005542455,10.7233269629,0 34.5944452575,10.887782083,0 34.286109237,10.5541640631,0 34.3483270986,10.2384730902,0 34.0858271805,9.55305402021,0 34.121663337,8.57958196199,0 33.7713271083,8.36774511662,0 33.2635361575,8.46152721403,0 32.9918002202,7.92603608476,0 33.0522183196,7.79069114688,0 33.712491177,7.65847299416,0 34.7047182466,6.67778210563,0 35.3030542038,5.37736419013,0 35.8216631742,5.32860900615,0 35.7744363465,4.79860902931,0 35.9405541008,4.62250004632,0 34.3881912626,4.60968193704,0 33.9966631764,4.22278200256,0 33.5112363168,3.75270006073,0 33.016663292,3.8886091007,0 32.4044452267,3.74360921616,0 32.1945271666,3.5127541677,0 31.8216632319,3.80694522366,0 31.5408361148,3.65360920111,0 31.1766632079,3.79528214064,0 30.8588180859,3.49339113312,0</coordinates></LinearRing></outerBoundaryIs></Polygon>",94,187,SD,69.978736,208.685023,,
Swaziland,1974-2010,0.6,0.8,0.6,133,"<Polygon><outerBoundaryIs><LinearRing><coordinates>31.9685093145,-25.9578360951,0 32.1334001259,-26.8396268961,0 32.0155913029,-26.8070819777,0 31.9855540823,-27.3163910588,0 31.5175000581,-27.3130548937,0 31.1616632892,-27.2030549871,0 30.8207630719,-26.8102089305,0 30.8294452149,-26.3908359943,0 31.3256912675,-25.7533359296,0 31.9685093145,-25.9578360951,0</coordinates></LinearRing></outerBoundaryIs></Polygon>",10,202,SZ,4.792047,1.521173,,
Tanzania,1970-2010,1.2,6.8,8.6,79,"<MultiGeometry><Polygon><outerBoundaryIs><LinearRing><coordinates>34.9667271528,-11.5721089072,0 34.616036202,-11.110763926,0 34.5348541167,-10.0459728764,0 34.3296451775,-9.7402089267,0 34.0415271457,-9.48375504296,0 33.9188180945,-9.70673596391,0 32.9404002105,-9.40507294416,0 31.9816630352,-9.07062679226,0 31.4147183112,-8.63360894399,0 31.0326361271,-8.5849999404,0 30.7712362499,-8.19224608473,0 30.3150000387,-7.14375498705,0 29.5502822971,-6.29528191596,0 29.6316633687,-5.72194599083,0 29.347909291,-4.93041789369,0 29.4233361939,-4.44749990531,0 30.0261091954,-4.2694459855,0 30.44847313,-3.55104597046,0 30.8336091767,-3.25902683326,0 30.8436632696,-2.97879080793,0 30.4169452716,-2.85604588221,0 30.5733271102,-2.39916392918,0 30.8307633529,-2.35430884477,0 30.8932631818,-2.07548198501,0 30.8309361878,-1.65489987544,0 30.4822181693,-1.06333582543,0 33.9211001515,-1.00194576057,0 37.6027731799,-2.995835911,0 37.7199912463,-3.31194581147,0 37.6263821513,-3.5095179987,0 39.2030271955,-4.66961782551,0 38.7761092053,-6.03972690752,0 38.870827226,-6.385281931,0 39.5478821624,-6.99430900577,0 39.2744361492,-7.57916384519,0 39.4466631376,-7.81416391241,0 39.2952911626,-8.26786392735,0 39.5338822048,-8.91110894847,0 39.3927002772,-8.90666385756,0 39.6447181224,-9.19360892584,0 39.8263822956,-9.99305490402,0 40.4368093158,-10.4781728067,0 39.2625003191,-11.1694457979,0 38.9056910818,-11.1701359638,0 38.4917090505,-11.4153089793,0 37.9344362046,-11.2880549249,0 37.7919361389,-11.5611090003,0 37.4732092406,-11.7187090647,0 36.8269452256,-11.5721910498,0 36.5574271399,-11.7404178587,0 36.1876361786,-11.7054178808,0 35.8284731353,-11.4168728748,0 35.5733271637,-11.607082063,0 34.9667271528,-11.5721089072,0</coordinates></LinearRing></outerBoundaryIs></Polygon><Polygon><outerBoundaryIs><LinearRing><coordinates>39.1933271542,-6.02389081017,0 39.311109155,-5.72416384242,0 39.5591631983,-6.44416396278,0 39.2580542224,-6.30860880677,0 39.1933271542,-6.02389081017,0</coordinates></LinearRing></outerBoundaryIs></Polygon><Polygon><outerBoundaryIs><LinearRing><coordinates>39.7427733141,-5.1591640553,0 39.6894362466,-4.90110906042,0 39.8730542413,-4.98833600661,0 39.7333270768,-5.46347290661,0 39.7427733141,-5.1591640553,0</coordinates></LinearRing></outerBoundaryIs></Polygon></MultiGeometry>",64,217,TZ,41.487893,76.774676,,
The Gambia,1970-2010,0.8,1.9,0.5,380,"<Polygon><outerBoundaryIs><LinearRing><coordinates>-16.5656728744,13.5900000507,0 -15.4881998377,13.5908360617,0 -15.3644458985,13.7813910872,0 -15.0702819999,13.8263911785,0 -14.3348637039,13.4540271406,0 -13.9191638853,13.5681910091,0 -13.803472834,13.3844451065,0 -14.3511088381,13.2377820847,0 -15.1116639589,13.5958362022,0 -15.2904179352,13.3727731386,0 -15.8065269192,13.3394450151,0 -15.8097179097,13.1597180674,0 -16.7508728696,13.0599732517,0 -16.8171179005,13.370645141,0 -16.6843088236,13.4894450402,0 -16.4216729509,13.2569451271,0 -16.1713908302,13.2616641386,0 -16.1593909623,13.3881361614,0 -16.1558998996,13.4248641524,0 -15.9746729265,13.4305450711,0 -15.3057638589,13.4515271541,0 -15.5472268764,13.5286820702,0 -16.1428908505,13.4549540115,0 -16.4035457442,13.3320820161,0 -16.5656728744,13.5900000507,0</coordinates></LinearRing></outerBoundaryIs></Polygon>",25,81,GM,9.969514,0.829003,,
Togo,1974-2010,-0.4,0.2,1.7,12,"<Polygon><outerBoundaryIs><LinearRing><coordinates>1.19889119099,6.10054507512,0 0.758891229197,6.4477820113,0 0.525000255404,6.94778215077,0 0.726245224981,8.32374515397,0 0.382736056428,8.76075411743,0 0.512782122749,8.84444507394,0 0.550627253882,9.40889098489,0 0.217218278684,9.46028210978,0 0.366527132022,10.254164013,0 -0.0787547698948,10.6508271883,0 0.0313180592932,11.0771542543,0 -0.149763906863,11.1385361049,0 0.504163179327,10.9369451304,0 0.917973046389,10.9964001491,0 0.776663210912,10.3766640195,0 1.3550002824,9.99528205952,0 1.33750020962,9.54250019826,0 1.61971821978,9.03423617279,0 1.55388205819,6.99656415683,0 1.79780013514,6.28025408553,0 1.63540025775,6.21871800792,0 1.19889119099,6.10054507512,0</coordinates></LinearRing></outerBoundaryIs></Polygon>",22,206,TG,13.038895,4.596637,,
Uganda,1970-2010,2.8,5.4,3,180,"<Polygon><outerBoundaryIs><LinearRing><coordinates>30.8588180859,3.49339113312,0 31.1766632079,3.79528214064,0 31.5408361148,3.65360920111,0 31.8216632319,3.80694522366,0 32.1945271666,3.5127541677,0 32.4044452267,3.74360921616,0 33.016663292,3.8886091007,0 33.5112363168,3.75270006073,0 33.9966631764,4.22278200256,0 34.2222181799,3.7791642437,0 34.463609113,3.6646542026,0 34.4037452251,3.38528218386,0 34.9094361739,2.52110913752,0 35.0097182696,1.89528204653,0 34.8203452601,1.23597310793,0 34.5200002108,1.10583601414,0 33.907218211,0.103053949178,0 33.9211001515,-1.00194576057,0 30.4822181693,-1.06333582543,0 29.979718211,-1.46221802581,0 29.8352822609,-1.31971779244,0 29.5969451904,-1.38583592125,0 29.7186091859,0.0770821192022,0 29.9598631587,0.483745240321,0 29.9575001326,0.81833606387,0 31.3027733001,2.12139092612,0 30.7297181688,2.44805397798,0 30.8588180859,3.49339113312,0</coordinates></LinearRing></outerBoundaryIs></Polygon>",28,219,UG,20.125487,19.877147,,
Zambia,1970-2010,6,11.4,3.7,308,"<Polygon><outerBoundaryIs><LinearRing><coordinates>23.9862093273,-10.8704639813,0 24.3986093583,-11.1118089816,0 24.4491632987,-11.462635887,0 25.3444451082,-11.2052819545,0 25.3636091564,-11.642981922,0 26.0047181333,-11.9024998943,0 26.8739541844,-11.9717359235,0 27.0331181443,-11.5969459951,0 27.2089733232,-11.5764909662,0 27.6554181304,-12.2902819403,0 28.4462451651,-12.5258358837,0 29.0187452469,-13.3984729758,0 29.5947182864,-13.2234730863,0 29.6340272331,-13.4155549593,0 29.8016631178,-13.4497269728,0 29.8050450481,-12.1552459593,0 29.4735362503,-12.2490999735,0 29.481663176,-12.4594458459,0 29.0270822231,-12.3769457902,0 28.3654092525,-11.555554816,0 28.6987453051,-10.6518729984,0 28.5950003099,-10.2461089202,0 28.6955541469,-9.79576384582,0 28.3771450904,-9.25041794533,0 28.8683273001,-8.82694609081,0 28.901663135,-8.47860894601,0 30.7712362499,-8.19224608473,0 31.0326361271,-8.5849999404,0 31.4147183112,-8.63360894399,0 31.9816630352,-9.07062679226,0 32.9404002105,-9.40507294416,0 33.0001273057,-9.62184589233,0 33.2291631459,-9.63416376963,0 33.325973122,-10.064026993,0 33.7022821866,-10.561855046,0 33.2504092589,-10.8920819155,0 33.4104090621,-11.1631908864,0 33.2495092101,-11.4110459433,0 33.2713821218,-12.129926912,0 33.5418002563,-12.3641729432,0 33.0463912204,-12.6038908485,0 32.9774913056,-13.2291729481,0 32.6818733144,-13.6128458498,0 33.222227121,-14.0125638936,0 30.213018093,-14.9817179306,0 30.4157542032,-15.6318729927,0 29.5784733198,-15.6609000264,0 28.9277092286,-15.9723638379,0 28.7526362488,-16.5559000363,0 27.8252732078,-16.9591637928,0 27.0294002673,-17.9612639061,0 26.6985821383,-18.0749178196,0 25.2644272693,-17.8022548438,0 24.6638912301,-17.4936180806,0 23.4761091621,-17.625835898,0 22.1883271333,-16.5411178795,0 22.0001451923,-16.1716640383,0 22.0015272005,-13.0045818635,0 24.0194452499,-12.9994457685,0 23.8870091677,-12.7636090197,0 24.050691141,-12.3924269978,0 23.9862093273,-10.8704639813,0</coordinates></LinearRing></outerBoundaryIs></Polygon>",62,235,ZM,46.915344,62.752400,,
Zimbabwe,1970-2010,-3.2,0.8,4.5,18,"<Polygon><outerBoundaryIs><LinearRing><coordinates>30.4157542032,-15.6318729927,0 30.4223631662,-16.0055548335,0 31.2766633364,-16.0186089771,0 31.9111822934,-16.4127089665,0 32.9811360924,-16.7090550097,0 32.8650002973,-16.91860896,0 33.0420270987,-17.35648193,0 32.9461091247,-17.9750000014,0 33.0715912448,-18.3497268979,0 32.6994360839,-18.9479178482,0 32.8848541762,-19.1052818781,0 32.7854090973,-19.4670818682,0 33.0594363117,-19.7802820748,0 33.0188821494,-19.9433359083,0 32.6658362191,-20.5572270015,0 32.5022181158,-20.5986089605,0 32.3605542288,-21.1355550205,0 32.4888731201,-21.3444457945,0 31.2975002448,-22.4147640387,0 29.3736182645,-22.1924090783,0 29.0758273488,-22.0394458828,0 29.0725181734,-21.8094089081,0 28.0158272274,-21.5661089127,0 27.6867362735,-21.0711820039,0 27.7155822581,-20.5102181032,0 27.2874542563,-20.4949638776,0 27.2136091862,-20.087363995,0 26.1693732455,-19.5298638319,0 25.2644272693,-17.8022548438,0 26.6985821383,-18.0749178196,0 27.0294002673,-17.9612639061,0 27.8252732078,-16.9591637928,0 28.7526362488,-16.5559000363,0 28.9277092286,-15.9723638379,0 29.5784733198,-15.6609000264,0 30.4157542032,-15.6318729927,0</coordinates></LinearRing></outerBoundaryIs></Polygon>",36,236,ZW,24.991986,33.503487,,
